Year,NUTS 2 Region,Apparent Productivity,Compensation of Employees,Gross Domestic Product (GDP) per Person,Gross Domestic Product in Current Market Prices,Gross Value Added (GVA) at Basic Prices,Gross Value Added (GVA) at Basic Prices per Person,Gross Value Added (GVA) at Factor Cost,Hours Worked,Index of GVA at Basic Prices per Person (State=100),Non-Product Subsidies,Non-Product Taxes,Persons at Work,Population,Product Subsidies,Product Taxes
2000,Eastern and Midland,62080.53466,22597989030.0,34290.86885,62198123770.0,55448600360.0,30569.74339,55305065110.0,1642808113.0,120.2367115,316839232.90000004,460374489.70000005,890860.0,1813839.248,942770033.5,7691262825.0
2000,Ireland,54724.27798,41923313980.0,28519.46666,108495288900.0,96721758630.0,25424.63363,96973609560.0,3354884544.0,100.0,1096872446.0,845021515.1999999,1772040.0,3804253.781,1644520782.0,13416253280.0
2000,Northern and Western,40479.39427,5933751057.0,19035.51461,12970464300.0,11562954770.0,16969.84697,11678710040.0,563827774.6999999,66.74568929,214782256.20000002,99026979.62,288510.0,681382.383,196600224.0,1603894842.0
2000,Southern,50601.2358,13391573900.0,25459.03919,33326700810.000004,29710203510.0,22696.31308,29989834420.0,1148248656.0,89.26898772,565250957.0,285620045.9,592670.0,1309032.15,505150524.5,4121095614.0
2001,Eastern and Midland,67495.24164,25334027470.0,37651.35876,69492650250.0,61936374020.0,33557.34211,61768270390.0,1672132952.0,119.1564523,415113514.9,583217148.6,915150.0,1845687.713,812943363.5,7787668255.0
2001,Ireland,59964.57342,46894781380.0,31598.25426,122089173800.0,108813820000.0,28162.42131,109251854900.0,3408950487.0,100.0,1525396252.0,1087361341.0,1821940.0,3863794.9050000003,1428231378.0,13681878300.0
2001,Northern and Western,44047.56146,6615701398.0,21275.80645,14674057900.0,13078475710.0,18962.38381,13255232670.0,578535651.4,67.33222119,305608569.6,128851613.60000001,300930.0,689706.307,171661002.1,1644442893.0
2001,Southern,56496.41302,14945052510.0,28547.4559,37922465680.0,33798970250.0,25443.3512,34228351830.0,1158281884.0,90.34504141,804674167.3000001,375292579.1,605850.0,1328400.885,443627012.20000005,4249767149.0000005
2002,Eastern and Midland,73681.19154,27072396920.0,41016.11803,76932876140.0,68225028430.00001,36373.60202,67945110780.0,1675182397.0,118.5821506,385679353.1,665597004.2,922150.0,1875674.243,1071212282.0,8525096097.0
2002,Ireland,65300.57574,50203750670.0,34588.77901,135997893600.00002,120604618300.0,30673.75808,120757742700.0,3430949833.0,100.0,1397120001.0,1243995598.0,1849260.0,3931850.0840000003,1893632753.0,15070216670.0
2002,Northern and Western,47404.71896,7146342209.0,23096.66437,16364193330.0,14511969540.0,20482.40834,14644265780.0,585173850.6999999,66.77502079,278426151.8,146129912.4,308920.0,708508.946,227854797.10000002,1813351166.0
2002,Southern,61742.12804,15985011540.0,31684.99897,42700824180.0,37867620320.0,28098.64994,38168366130.0,1170593585.0,91.60484954,733014495.9000001,432268681.59999996,618190.0,1347666.895,594565673.6,4731769405.0
2003,Eastern and Midland,78988.38704,29480782560.0,44030.94859,83864528220.0,74307314550.0,39013.17538,73963145860.0,1673700887.0,120.8924658,395645791.40000004,739814481.0,936380.0,1904672.302,1089647978.0,9460403440.0
2003,Ireland,68467.10252,54672082350.0,36421.58202,145576854300.0,128986895100.0,32270.97331,129042686800.0,3436427743.0,100.0,1437120963.0,1381329332.0,1884740.0,3996994.262,1891473407.0,16421910469.999998
2003,Northern and Western,48149.74665,7738117772.0,23796.92971,17280652450.0,15311346820.0,21085.02819,15436327280.0,594962430.1999999,65.33744113,286765676.6,161785216.4,320590.0,726171.513,224526726.6,1949357462.0
2003,Southern,63150.27021,17453182020.0,32523.26548,44431673670.0,39368233770.0,28816.90948,39643213630.0,1167764426.0,89.29668531,754709495.1,479729635.0,627760.0,1366150.447,577298702.9,5012149563.0
2004,Eastern and Midland,82726.74856,32121815540.0,46765.90057,90529199850.0,79619590430.0,41130.17518,79239816110.0,1694578606.0,121.7286264,408818980.59999996,788593299.0,957850.0,1935795.072,1105202813.0,10645300570.0
2004,Ireland,70575.54775,59393702360.0,38418.16172,156259950800.0,137429175400.0,33788.4164,137349896500.0,3520989720.0,100.0,1420775623.0,1500054532.0,1946140.0,4067345.855,1907660041.0,18374559210.0
2004,Northern and Western,49000.64536,8407417547.999999,25151.05415,18700636560.0,16447036160.0,22120.11852,16544577900.0,619600027.2,65.46657368,276786905.6,179245158.9,337640.0,743532.9130000001,228301986.0,2199002060.0
2004,Southern,63883.04383,18864469270.0,33882.9315,47030114410.0,41362548800.0,29799.72355,41565502470.0,1206811087.0,88.19508791,735169737.1999999,532216073.70000005,650650.0,1388017.8699999999,574155242.8,5530256585.0
2005,Eastern and Midland,86383.70756,35572618880.0,50194.877,99510171540.0,87366040590.0,44069.1398,87009125600.0,1786285336.0,122.6088261,702257317.7,1059172309.9999999,1007240.0,1982476.649,797346435.3000001,12064486830.0
2005,Ireland,73736.84852,66159885890.00001,40939.04051,170306765300.0,149522682300.0,35942.87719,150202697800.0,3688161774.0,100.0,2600610170.0,1920594653.0,2037010.0,4160008.7139999997,1364619215.0,20647775950.0
2005,Northern and Western,52825.90118,9590662133.0,27236.64754,20659278160.0,18138038620.0,23912.71181,18436767770.0,642742738.6,66.52976522,519784710.4,221055555.1,349010.0,758510.317,165536864.6,2504704649.0
2005,Southern,65745.35002,20996604880.0,35332.30949,50137315570.0,44018603120.0,31020.38653,44756804480.0,1259133699.0,86.30468386,1378568142.0,640366788.1,680760.0,1419021.748,401735915.3,6078584472.0
2006,Eastern and Midland,89395.56287,39789779700.0,52836.19642,108739517800.0,95603616690.0,46453.50256,95219683790.0,1872186053.0,122.0018221,666615096.9,1050547994.9999999,1065150.0,2058049.693,627394985.1999999,13777530350.0
2006,Ireland,76616.09054,72845043680.0,43307.7109,184916242800.0,162578076000.0,38076.07276,163058194700.0,3809835836.0,100.0,2388384621.0,1908265957.0,2128250.0,4269822.601,1066912248.0000001,23429284940.0
2006,Northern and Western,54158.28331,9958409439.0,28135.19782,21442077200.0,18851841270.0,24736.42261,19110833430.0,637370731.4000001,64.965793,473216134.59999996,214223979.6,352870.0,762108.635,123714469.0,2716757213.0
2006,Southern,68608.30642,23096854540.0,37756.77499,54734647760.0,48122618060.0,33195.69845,48727677470.0,1300279052.0,87.18256912,1248553389.0,643493982.3,710230.0,1449664.273,315802793.8,6934997375.0
2007,Eastern and Midland,90817.60768,43428103860.0,53879.52549,115399557000.0,102514806800.0,47863.69454,102049929400.0,1949894616.0,120.3027074,658555555.3000001,1123432949.0,1123680.0,2141807.226,695939734.7,14086217810.0
2007,Ireland,79028.21545,79781567490.0,44786.62756,197069396000.0,175065932500.0,39786.04936,175331998800.0,3915537079.0,100.0,2337808482.0,2071742217.9999998,2218600.0,4400183.866,1188465768.0,24055226090.0
2007,Northern and Western,58370.46218,11276050220.0,30506.29891,23472258760.0,20851501810.0,27100.16763,21068234620.0,643866613.9,68.11474891,462043346.3,245310543.70000002,360940.0,769423.3520000001,141554074.89999998,2865135343.0
2007,Southern,71137.95296,25077413410.0,39086.2364,58197580200.0,51699623860.0,34722.12612,52213834710.0,1321775849.0,87.27211342,1217209580.0,702998725.5999999,733980.0,1488953.288,350971958.4,7103872941.0
2008,Eastern and Midland,88850.67022,45117029510.0,50990.38965,111638509100.0,99747581670.0,45559.26173,99201773300.0,1903066847.0,122.4107048,682961209.1999999,1228769578.0,1116500.0,2189402.9420000003,760906707.6999999,12285422470.0
2008,Ireland,76289.76246,81820614880.0,41655.17202,187282982800.0,167334952500.0,37218.36404,167583432500.0,3801388840.0,100.0,2442523810.0,2194043774.0,2196670.0,4496031.914,1276484960.0,20609828840.0
2008,Northern and Western,57904.38376,11314186630.0,28839.05489,22602498960.0,20195044070.0,25767.32711,20425771370.0,618970840.8,69.2328311,484056605.8,253329298.0,352750.0,783746.175,154054306.20000002,2487324945.0
2008,Southern,65925.08952,25389398740.0,34829.97826,53041974710.0,47392326770.0,31120.14061,47955887870.0,1279351153.0,83.61501482,1275505995.0,711944898.0,727430.0,1522882.797,361523946.0,5837081424.0
2009,Eastern and Midland,87960.58793,40855519520.0,45494.69014,99558057360.0,89466067960.0,40882.98977,88974773510.0,1671463869.0,121.8192282,648422030.3,1139716486.0,1011530.0,2188344.553,733453982.6,9689753466.0
2009,Ireland,75799.33814,74396823710.0,37346.06664,169519713300.0,152335859000.0,33560.37497,152616661400.0,3378439889.0,100.0,2359327391.0,2078524942.0,2013430.0,4539158.431,1248868370.0,16498958220.0
2009,Northern and Western,50313.40716,10437954460.0,22656.68941,18504204750.0,16628472709.999998,20360.02879,16884676309.999998,567342757.6999999,60.66686922,475844316.7,219640708.70000002,335590.0,816721.473,136322293.0,1800971080.0
2009,Southern,70173.36018,23103349730.0,33542.60212,51457451150.0,46241318320.0,30142.45959,46757211620.0,1139633263.0,89.81562219,1235061044.0,719167746.8000001,666310.0,1534092.405,379092094.40000004,5008233677.0
2010,Eastern and Midland,92396.43989,39217731750.0,44806.47223,98858104660.0,90032770710.0,40806.47565,89641178050.0,1601666340.0,122.1530435,626076079.4,1017668742.0,970180.0,2206335.374,656483839.0,9639375983.0
2010,Ireland,79322.45547,69644612290.0,36680.60242,167255062800.0,152323745000.0,33406.02451,152537875100.0,3232078374.0,100.0,2210848358.0,1996718211.0,1923010.0,4559768.701,1110685321.0,16308571170.0
2010,Northern and Western,56849.85371,9268661088.0,24227.34684,19746185640.0,17983389530.0,22064.50519,18144199310.0,544505109.5,66.04947914,433430339.8,272620552.40000004,319160.0,815037.064,131127860.5,1925395073.0
2010,Southern,70624.29616,21158219450.0,31624.34393,48650772530.0,44307584730.0,28801.15208,44752497750.0,1085906925.0,86.21544318,1151341939.0,706428916.8000001,633670.0,1538396.263,323073621.8,4743800115.0
2011,Eastern and Midland,98016.07134,39921867450.0,46373.79098,102795808200.0,93983111000.0,42398.16019,93554379770.0,1580663270.0,122.645504,660742347.0999999,1089473581.0,954480.0,2216678.992,645934044.5,9467924618.0
2011,Ireland,84057.63976,71433552600.0,37811.24415,173120414900.0,158278780500.0,34569.68156,158525143400.0,3174586125.0,100.0,2335265010.0,2088902063.0,1885910.0,4578543.202,1087830055.0,15945115530.0
2011,Northern and Western,57021.31798,9838016028.0,23294.49723,19105638900.0,17467710140.0,21297.45713,17670336230.0,523895983.2,61.60732806,448603342.8,245977249.2,309890.0,820178.204,120053364.2,1759709389.0
2011,Southern,76101.98449,21673669120.0,33222.69745,51218967740.0,46827959360.0,30374.51152,47300427440.0,1070026872.0,87.8645974,1225919320.0,753451233.1,621540.0,1541686.0059999998,321842646.6,4717481519.0
2012,Eastern and Midland,102483.1776,40486972370.0,48266.28662,106860810800.0,97687362910.0,44122.87557,97168400010.0,1572027089.0,125.6363517,727430739.1999999,1246393645.0,948140.0,2213984.507,682049278.4000001,9886734480.0
2012,Ireland,86062.3162,72184188610.0,38417.45321,176621908900.0,161459831600.0,35119.51357,161620726700.0,3151720532.0,100.0,2424907986.0,2264012839.0,1877950.0,4597439.292,1127306116.0,16341013170.0
2012,Northern and Western,55651.58729,9845372912.0,22206.43876,18488610310.0,16901458750.000002,20300.13086,17149593140.0,525707926.8,57.80299553,489485076.6,241350693.29999998,308160.0,832578.808,118005312.1,1710561428.0
2012,Southern,76092.22809,21851843330.0,33060.34044,51272487780.0,46871009920.0,30222.28122,47302733590.0,1053985514.9999999,86.05552342,1207992170.0,776268500.3000001,621650.0,1550875.977,327251525.0,4743717263.0
2013,Eastern and Midland,108191.8331,41160724400.0,51336.76272,114282126700.0,105651321300.0,47459.71194,104851951200.0,1630737838.0,129.6702052,709351055.6999999,1508721206.0,969130.0,2226126.477,674203317.4,10619386890.0
2013,Ireland,87329.943,73237698930.0,39590.25332,182908625800.0,169095015600.0,36600.32146,168828865700.0,3279858899.0,100.0,2295378141.0,2561527974.0,1933230.0,4620041.8149999995,1079062893.0,16996336340.000002
2013,Northern and Western,55020.02356,10014455210.0,23052.48187,19240185980.0,17787130240.0,21311.51423,17932126080.0,558281094.0,58.22766954,418417735.3,273421888.4,325920.0,834625.36,113506788.7,1787847187.0
2013,Southern,72150.15898,22062519320.0,31672.3084,49386313080.0,45656563990.0,29280.35493,46044788460.0,1090839967.0,80.00026711,1167609350.0,779384879.2,638180.0,1559289.9780000001,291352786.8,4589102258.0
2014,Eastern and Midland,114697.5313,42824488340.0,55864.77378,125897511900.0,116842906400.0,51846.9542,115698840700.0,1708611233.0,129.568938,664931132.5999999,1808996773.0,1008730.0,2253611.773,615708434.8,11628173920.0
2014,Ireland,93422.37181,76182642120.0,43115.86914,200594870400.0,186167997400.0,40014.9565,185350919900.0,3387679194.0,100.0,2190547104.0,3007624637.0,1984010.0,4652460.322,981019814.0999999,18527387920.0
2014,Northern and Western,59392.74928,10450061730.0,25296.58982,21088450770.0,19571759940.0,23477.24774,19650091100.0,564611363.5,58.67118145,394025010.8,315693852.7,330850.0,833647.971,103134182.9,1947776168.0
2014,Southern,77591.0309,22908092040.0,34250.50344,53608907770.0,49753331090.0,31787.19187,50001988040.0,1114456598.0,79.43827671,1131590961.0,882934011.1,644430.0,1565200.578,262177196.4,4951437830.0
2015,Eastern and Midland,126647.5494,45800876720.0,62407.45383,142941281000.0,133691644100.0,58369.10827,132738030100.0,1770995394.0,107.6274829,700825399.3,1654439446.0,1048089.9999999999,2290452.057,468770196.6,10317112630.0
2015,Ireland,123673.1009,80971554870.0,57984.68211,272282900800.0,254663652200.0,54232.53122,253968896400.0,3489512120.0,100.0,2466048616.0,3160804413.0,2053550.0000000002,4695772.933999999,892940849.9,19652638730.0
2015,Northern and Western,62291.47111,11026488150.0,26864.25746,22444165320.0,20991818050.0,25125.88892,21218966720.0,581334050.0,46.32992109,485837352.3,258688679.6,340640.0,835465.687,73604739.75,1619958768.0
2015,Southern,150436.8161,24144190000.0,68093.83133,106897454500.0,99980190080.0,63687.52399,100011899700.0,1137182676.0,117.434172,1279385864.0,1247676288.0,664810.0,1569855.19,350565913.59999996,7715567334.0
2016,Eastern and Midland,129530.3276,49013306130.0,65380.45651,152102986500.0,141702898100.0,60910.04773,140763197600.0,1860317150.0,112.6063699,686597762.4,1626298229.0,1086720.0,2326428.9450000003,516243229.5,11512777060.0
2016,Ireland,120253.4445,86369806010.0,58061.06402,275933140900.0,257066127700.0,54091.12095,256305786500.0,3671778741.0,100.0,2310367647.0,3070708845.0,2131380.0,4752464.419,936527408.7,20885564490.0
2016,Northern and Western,61445.06429,11763787230.0,27420.39757,23128315170.0,21546909530.0,25545.51947,21714685720.0,618998800.9,47.22682581,416767232.1,248991036.4,353400.0,843471.183,78498367.41999999,1750597687.0
2016,Southern,135734.6051,25592712640.0,63632.06841,100701839200.0,93816320070.0,59281.20621,93827903150.0,1192462790.0,109.595078,1207002653.0,1195419579.0,691260.0,1582564.291,341785811.79999995,7622189748.0
2017,Eastern and Midland,138857.6044,52614198540.0,71403.89562,168683581200.0,156838815000.0,66389.99656,155720471900.0,1947019866.0,111.6349158,662600912.5,1780944030.0,1121440.0,2362386.25,524025317.1,11885045780.0
2017,Ireland,129991.9408,92389548520.0,63961.97382,308365952600.0,286712851700.0,59470.63791,285718386200.0,3836102749.0,100.0,2360853439.0,3355318898.0,2197970.0,4821082.5,957956695.9,21726734980.0
2017,Northern and Western,61658.42051,12489800410.0,28426.70433,24305187540.0,22598505350.0,26430.61399,22712495780.0,650323699.4000001,44.44313181,362178628.5,248188198.9,368360.0,855012.5,75505473.11,1712485973.0
2017,Southern,151496.7008,27285549580.0,71945.09759,115377183900.0,107275531300.0,66893.19595,107285418600.0,1238759183.0,112.4810466,1336073898.0,1326186669.0,708170.0,1603683.75,358425905.7,8129203229.0
2018,Eastern and Midland,149941.9587,56232019550.0,78841.91277,189252620200.0,177920258000.0,74120.89432,176511673800.0,2056039252.0,115.048533,653038907.6999999,2061623097.0000002,1177200.0,2400406.25,580234670.3,12677132890.0
2018,Ireland,138475.9756,98291803230.0,68529.26388,335135957500.0,315068166400.0,64425.76223,313528995400.0,3981393079.0,100.0,2161360371.0,3700531298.0,2264140.0,4890406.5,1027502295.9999999,22449163800.0
2018,Northern and Western,65324.17939,13184903120.0,29516.27916,25536237670.0,24007139180.0,27748.85757,24036685050.0,653175080.3000001,43.07105824,285161844.20000005,255615979.9,367960.0,865157.75,78292234.08999999,1710551104.0
2018,Southern,157142.3517,28874880570.0,74066.93243,120347099700.0,113140769200.0,69631.83767,112980636600.0,1272178747.0,108.0807355,1223159619.0,1383292221.0,718970.0,1624842.5,368975391.8,8061479805.0
2019,Eastern and Midland,156126.3075,61211914140.0,83574.6913,204231870100.0,192607834300.0,78817.96453,191212572600.0,2147314620.0,114.1308765,652756376.5999999,2048018056.0,1224730.0,2443704.75,606045000.8000001,13612839130.0
2019,Ireland,146237.8556,106263639800.0,73227.06518,363752627100.0,343049327600.0,69059.28261,341510726500.0,4110195120.0,100.0,2206843594.0,3745444702.0,2335310.0,4967461.5,1079412635.0,24245510720.0
2019,Northern and Western,69289.70499,14120893500.0,31870.27825,27927215720.0,26337713770.0,30056.35345,26378590690.0,671362155.2,43.52253934,325111653.8,284234737.0,380700.0,876277.75,82872224.91,1861456269.0
2019,Southern,169780.7355,30930832160.0,79875.70173,131593541200.0,124103779500.0,75329.50619,123919563200.0,1291518345.0,109.0794797,1228975563.0,1413191909.0,729880.0,1647479.0,390495409.7,8771215316.0
2020,Eastern and Midland,168623.5534,61156076730.0,85413.95214,211886989000.0,199085100400.0,80253.37148,200547364500.0,1927136834.0,112.6482216,3118688897.0,1656424791.0,1189320.0,2480707.0,730227426.4,11730893040.0
2020,Ireland,158988.1547,106103007000.0,75823.61347,381728693300.0,358665228100.0,71242.46643,362036696800.0,3724508328.0,100.0,6390063584.0,3018594900.0,2277130.0,5034430.25,1315553931.0,21133994550.0
2020,Northern and Western,80803.64408,13995669070.0,34946.80667,30956143450.0,29085820500.0,32835.37393,29642816830.0,609222957.5,46.0896086,813559049.8000001,256562717.29999998,366850.0,885807.5,106684346.6,1713853264.0
2020,Southern,182876.3253,30951261230.0,83268.93063,138885560900.0,130494307200.0,78237.94889,131846515500.00002,1188148537.0,109.8192592,2457815638.0,1105607392.0,720960.0,1667915.75,478642158.2,7689248249.0
2021,Eastern and Midland,184452.1578,67859308770.0,98433.78532,247432637000.0,233196352200.0,92770.29878,234661879700.0,2098149500.0,111.7661553,3493391675.0,2027864167.0,1272210.0,2513696.25,816199285.8,14548390410.0
2021,Ireland,175521.9374,117272128300.0,88071.19207,448445123200.0,422643383400.0,83003.92773,425909246800.0,4004754345.0,100.0,7077850624.0,3811987209.0,2426530.0,5091848.0,1479273687.0,26367397640.0
2021,Northern and Western,86975.28671,15413185990.0,39993.53228,35790971910.0,33731702460.0,37692.4643,34296964809.999996,662513364.9000001,45.41045867,901466628.1999999,336204272.3,394330.0,894919.0,118062702.1,2104415321.9999998
2021,Southern,206516.4046,33999633580.0,98157.25975,165221514300.0,155715328800.0,92509.68339,156950402300.0,1244091480.0,111.4521757,2682992321.0,1447918770.0,759990.0,1683232.75,545011699.1999999,9714591910.0
2022,Eastern and Midland,198407.7545,74469625580.0,110593.7029,284028406600.0,271079056999.99997,105551.5434,269995256400.0,2281242027.0,110.4357365,1150335562.0,2234136120.0,1360810.0,2568215.0,929657759.0,15488611250.0
2022,Ireland,191106.9484,128590596700.0,100143.0392,520718392600.0,496977934200.0,95577.34365,495832710900.0,4365419032.0,100.0,2945285973.0,4090509347.0,2594530.0,5199746.25,1704371403.0,28395768050.0
2022,Northern and Western,93222.07562,16901201170.0,44494.61059,40653012650.0,38799571010.0,42466.02381,38819536730.0,705623752.8000001,44.43105676,375463622.40000004,355497906.5,416420.0,913661.5,133062002.79999998,2216886390.0
2022,Southern,228826.8763,37219769970.0,114116.3195,196036973300.0,187099306300.0,108913.5578,187017917700.0,1378553252.0,113.9533216,1419486789.0,1500875321.0,817290.0,1717869.75,641651641.1,10690270400.0
2023,Eastern and Midland,201554.3652,82801500110.0,114179.3204,297829535400.0,283381674200.0,108640.4239,281682303100.0,2317380846.0,115.2363674,598506693.1,2297877762.0,1397550.0,2608436.75,1046030181.0000001,16870916600.0
2023,Ireland,185065.6547,142550442700.0,99082.71407,524728751799.99994,499273895000.0,94276.16155,496753230300.0,4439802281.0,100.0,1908543511.0,4429208178.0,2684200.0,5295865.75,1842940494.0,29723898940.0
2023,Northern and Western,96771.05224,18606965470.0,47459.0645,44411195920.0,42256786370.0,45156.8013,42127342170.0,708506803.7,47.89843006,284198031.8,413642229.2,435330.0,935779.0,155980001.20000002,2515726257.0
2023,Southern,203147.5651,41141977070.0,104180.6414,182488020500.0,173635434500.0,99126.78587,172943585100.0,1413914632.0,105.1451228,1025838786.0,1717688187.0,851320.0,1751650.0,640930312.2,10337256080.0
